Metric,Value
MSE,0.38163368881565857
RMSE,0.6177650757493973
MAE,0.5158361496283521
